{"accuracy": [0.1944444477558136, 0.0416666679084301, 0.1666666716337204, 0.1805555522441864, 0.1666666716337204, 0.125, 0.1944444477558136, 0.1527777761220932, 0.1388888955116272], "loss": [2.5130038261413574, 2.4432129859924316, 2.3683862686157227, 2.281386375427246, 2.294250965118408, 2.2734010219573975, 2.3157243728637695, 2.247668504714966, 2.2978317737579346], "top3_acc": [0.3611111044883728, 0.3055555522441864, 0.4027777910232544, 0.4305555522441864, 0.4305555522441864, 0.4166666567325592, 0.3194444477558136, 0.4722222089767456, 0.4305555522441864], "val_accuracy": [0.13333334028720856, 0.20000000298023224, 0.13333334028720856, 0.13333334028720856, 0.06666667014360428, 0.13333334028720856, 0.06666667014360428, 0.13333334028720856, 0.13333334028720856], "val_loss": [2.433893918991089, 2.3646607398986816, 2.3971312046051025, 2.366179943084717, 2.327115297317505, 2.4025838375091553, 2.4745826721191406, 2.3255908489227295, 2.5131638050079346], "val_top3_acc": [0.2666666805744171, 0.4000000059604645, 0.3333333432674408, 0.4000000059604645, 0.4000000059604645, 0.3333333432674408, 0.3333333432674408, 0.4000000059604645, 0.3333333432674408], "learning_rate": [0.0010000000474974513, 0.0010000000474974513, 0.0010000000474974513, 0.0010000000474974513, 0.0010000000474974513, 0.0010000000474974513, 0.0010000000474974513, 0.0010000000474974513, 0.0010000000474974513]}